no,名前,提出,Q1[1],Q1[2],Q2[1],Q2[2],Q2[3],Q2[4]
1,2211101,041115:13:41,2,0,2,2,0,0
2,2211102,041115:11:28,2,0,2,0,0,0
3,2211103,041115:13:32,2,0,2,0,0,0
4,2211104,041115:14:1,2,2,2,2,0,0
5,2211105,041115:16:44,2,2,2,2,0,0
6,2211106,041115:10:45,2,2,2,2,0,0
7,2211107,041115:9:40,2,0,2,2,0,0
8,2211108,041115:9:46,2,2,2,2,0,0
9,2211109,041115:14:29,2,0,2,2,0,0
10,2211110,未提出,,,,,,
11,2211111,041115:11:9,2,2,2,2,0,0
12,2211112,041115:10:59,2,2,2,2,0,0
13,2211113,未提出,,,,,,
14,2211114,未提出,,,,,,
15,2211115,未提出,,,,,,
16,2211116,未提出,,,,,,
17,2211117,未提出,,,,,,
18,2211118,未提出,,,,,,
19,2211119,未提出,,,,,,
20,2211120,未提出,,,,,,
21,2211121,未提出,,,,,,
22,2211122,未提出,,,,,,
23,2211123,未提出,,,,,,
24,2211124,未提出,,,,,,
25,2211125,未提出,,,,,,
